stopID,line,stopName,borough,direction
R01N,N,Astoria-Ditmars Blvd,Q,Last Stop
R01S,N,Astoria-Ditmars Blvd,Q,Manhattan
R01N,W,Astoria-Ditmars Blvd,Q,Last Stop
R01S,W,Astoria-Ditmars Blvd,Q,Manhattan
R03N,N,Astoria Blvd,Q,Astoria
R03S,N,Astoria Blvd,Q,Manhattan
R03N,W,Astoria Blvd,Q,Astoria
R03S,W,Astoria Blvd,Q,Manhattan
R04N,N,30 Av,Q,Astoria
R04S,N,30 Av,Q,Manhattan
R04N,W,30 Av,Q,Astoria
R04S,W,30 Av,Q,Manhattan
R05N,N,Broadway,Q,Astoria
R05S,N,Broadway,Q,Manhattan
R05N,W,Broadway,Q,Astoria
R05S,W,Broadway,Q,Manhattan
R06N,N,36 Av,Q,Astoria
R06S,N,36 Av,Q,Manhattan
R06N,W,36 Av,Q,Astoria
R06S,W,36 Av,Q,Manhattan
R08N,N,39 Av-Dutch Kills,Q,Astoria
R08S,N,39 Av-Dutch Kills,Q,Manhattan
R08N,W,39 Av-Dutch Kills,Q,Astoria
R08S,W,39 Av-Dutch Kills,Q,Manhattan
R11N,N,Lexington Av/59 St,M,Queens
R11S,N,Lexington Av/59 St,M,Downtown
R11N,R,Lexington Av/59 St,M,Queens
R11S,R,Lexington Av/59 St,M,Downtown
R11N,W,Lexington Av/59 St,M,Queens
R11S,W,Lexington Av/59 St,M,Downtown
R13N,N,5 Av/59 St,M,Queens
R13S,N,5 Av/59 St,M,Downtown
R13N,R,5 Av/59 St,M,Queens
R13S,R,5 Av/59 St,M,Downtown
R13N,W,5 Av/59 St,M,Queens
R13S,W,5 Av/59 St,M,Downtown
R14N,N,57 St-7 Av,M,Uptown
R14S,N,57 St-7 Av,M,Downtown
R14N,Q,57 St-7 Av,M,Uptown
R14S,Q,57 St-7 Av,M,Downtown
R14N,R,57 St-7 Av,M,Uptown
R14S,R,57 St-7 Av,M,Downtown
R14N,W,57 St-7 Av,M,Uptown
R14S,W,57 St-7 Av,M,Downtown
R15N,N,49 St,M,Uptown
R15S,N,49 St,M,Downtown
R15N,R,49 St,M,Uptown
R15S,R,49 St,M,Downtown
R15N,W,49 St,M,Uptown
R15S,W,49 St,M,Downtown
R16N,N,Times Sq-42 St,M,Uptown
R16S,N,Times Sq-42 St,M,Downtown
R16N,Q,Times Sq-42 St,M,Uptown
R16S,Q,Times Sq-42 St,M,Downtown
R16N,R,Times Sq-42 St,M,Uptown
R16S,R,Times Sq-42 St,M,Downtown
R16N,W,Times Sq-42 St,M,Uptown
R16S,W,Times Sq-42 St,M,Downtown
R17N,N,34 St-Herald Sq,M,Uptown
R17S,N,34 St-Herald Sq,M,Downtown
R17N,Q,34 St-Herald Sq,M,Uptown
R17S,Q,34 St-Herald Sq,M,Downtown
R17N,R,34 St-Herald Sq,M,Uptown
R17S,R,34 St-Herald Sq,M,Downtown
R17N,W,34 St-Herald Sq,M,Uptown
R17S,W,34 St-Herald Sq,M,Downtown
R18N,R,28 St,M,Uptown
R18S,R,28 St,M,Downtown
R18N,W,28 St,M,Uptown
R18S,W,28 St,M,Downtown
R19N,R,23 St,M,Uptown
R19S,R,23 St,M,Downtown
R19N,W,23 St,M,Uptown
R19S,W,23 St,M,Downtown
R20N,N,14 St-Union Sq,M,Uptown
R20S,N,14 St-Union Sq,M,Downtown
R20N,Q,14 St-Union Sq,M,Uptown
R20S,Q,14 St-Union Sq,M,Downtown
R20N,R,14 St-Union Sq,M,Uptown
R20S,R,14 St-Union Sq,M,Downtown
R20N,W,14 St-Union Sq,M,Uptown
R20S,W,14 St-Union Sq,M,Downtown
R21N,R,8 St-NYU,M,Uptown
R21S,R,8 St-NYU,M,Downtown
R21N,W,8 St-NYU,M,Uptown
R21S,W,8 St-NYU,M,Downtown
R22N,R,Prince St,M,Uptown
R22S,R,Prince St,M,Downtown
R22N,W,Prince St,M,Uptown
R22S,W,Prince St,M,Downtown
R23N,R,Canal St,M,Uptown
R23S,R,Canal St,M,Downtown
R23N,W,Canal St,M,Uptown
R23S,W,Canal St,M,Downtown
Q01N,N,Canal St,M,Uptown
Q01S,N,Canal St,M,Downtown
Q01N,Q,Canal St,M,Uptown
Q01S,Q,Canal St,M,Downtown
R24N,R,City Hall,M,Uptown
R24S,R,City Hall,M,Downtown
R24N,W,City Hall,M,Uptown
R24S,W,City Hall,M,Downtown
R25N,R,Cortlandt St,M,Uptown
R25S,R,Cortlandt St,M,Downtown
R25N,W,Cortlandt St,M,Uptown
R25S,W,Cortlandt St,M,Downtown
R26N,R,Rector St,M,Uptown
R26S,R,Rector St,M,Downtown
R26N,W,Rector St,M,Uptown
R26S,W,Rector St,M,Downtown
R27N,R,Whitehall St-South Ferry,M,Uptown
R27S,R,Whitehall St-South Ferry,M,Downtown
R27N,W,Whitehall St-South Ferry,M,Uptown
R27S,W,Whitehall St-South Ferry,M,Downtown
R28N,R,Court St,Bk,Manhattan
R28S,R,Court St,Bk,Southbound
R29N,R,Jay St-MetroTech,Bk,Manhattan
R29S,R,Jay St-MetroTech,Bk,Southbound
R30N,B,DeKalb Av,Bk,Manhattan
R30S,B,DeKalb Av,Bk,Southbound
R30N,Q,DeKalb Av,Bk,Manhattan
R30S,Q,DeKalb Av,Bk,Southbound
R30N,R,DeKalb Av,Bk,Manhattan
R30S,R,DeKalb Av,Bk,Southbound
R31N,D,Atlantic Av-Barclays Ctr,Bk,Manhattan
R31S,D,Atlantic Av-Barclays Ctr,Bk,Southbound
R31N,N,Atlantic Av-Barclays Ctr,Bk,Manhattan
R31S,N,Atlantic Av-Barclays Ctr,Bk,Southbound
R31N,R,Atlantic Av-Barclays Ctr,Bk,Manhattan
R31S,R,Atlantic Av-Barclays Ctr,Bk,Southbound
R32N,R,Union St,Bk,Manhattan
R32S,R,Union St,Bk,Southbound
R33N,R,4 Av-9 St,Bk,Manhattan
R33S,R,4 Av-9 St,Bk,Southbound
R34N,R,Prospect Av,Bk,Manhattan
R34S,R,Prospect Av,Bk,Southbound
R35N,R,25 St,Bk,Manhattan
R35S,R,25 St,Bk,Southbound
R36N,D,36 St,Bk,Manhattan
R36S,D,36 St,Bk,Southbound
R36N,N,36 St,Bk,Manhattan
R36S,N,36 St,Bk,Southbound
R36N,R,36 St,Bk,Manhattan
R36S,R,36 St,Bk,Southbound
R39N,R,45 St,Bk,Manhattan
R39S,R,45 St,Bk,Southbound
R40N,R,53 St,Bk,Manhattan
R40S,R,53 St,Bk,Southbound
R41N,N,59 St,Bk,Manhattan
R41S,N,59 St,Bk,Southbound
R41N,R,59 St,Bk,Manhattan
R41S,R,59 St,Bk,Southbound
R42N,R,Bay Ridge Av,Bk,Manhattan
R42S,R,Bay Ridge Av,Bk,Bay Ridge
R43N,R,77 St,Bk,Manhattan
R43S,R,77 St,Bk,Bay Ridge
R44N,R,86 St,Bk,Manhattan
R44S,R,86 St,Bk,Bay Ridge
R45N,R,Bay Ridge-95 St,Bk,Manhattan
R45S,R,Bay Ridge-95 St,Bk,Last Stop
D24N,B,Atlantic Av-Barclays Ctr,Bk,Manhattan
D24S,B,Atlantic Av-Barclays Ctr,Bk,Southbound
D24N,Q,Atlantic Av-Barclays Ctr,Bk,Manhattan
D24S,Q,Atlantic Av-Barclays Ctr,Bk,Southbound
D25N,B,7 Av,Bk,Manhattan
D25S,B,7 Av,Bk,Southbound
D25N,Q,7 Av,Bk,Manhattan
D25S,Q,7 Av,Bk,Southbound
D26N,B,Prospect Park,Bk,Northbound
D26S,B,Prospect Park,Bk,Southbound
D26N,Q,Prospect Park,Bk,Northbound
D26S,Q,Prospect Park,Bk,Southbound
D26N,S,Prospect Park,Bk,Northbound
D26S,S,Prospect Park,Bk,Southbound
D27N,Q,Parkside Av,Bk,Manhattan
D27S,Q,Parkside Av,Bk,Southbound
D28N,B,Church Av,Bk,Manhattan
D28S,B,Church Av,Bk,Southbound
D28N,Q,Church Av,Bk,Manhattan
D28S,Q,Church Av,Bk,Southbound
D29N,Q,Beverley Rd,Bk,Manhattan
D29S,Q,Beverley Rd,Bk,Southbound
D30N,Q,Cortelyou Rd,Bk,Manhattan
D30S,Q,Cortelyou Rd,Bk,Southbound
D31N,B,Newkirk Plaza,Bk,Manhattan
D31S,B,Newkirk Plaza,Bk,Southbound
D31N,Q,Newkirk Plaza,Bk,Manhattan
D31S,Q,Newkirk Plaza,Bk,Southbound
D32N,Q,Avenue H,Bk,Manhattan
D32S,Q,Avenue H,Bk,Southbound
D33N,Q,Avenue J,Bk,Manhattan
D33S,Q,Avenue J,Bk,Southbound
D34N,Q,Avenue M,Bk,Manhattan
D34S,Q,Avenue M,Bk,Southbound
D35N,B,Kings Hwy,Bk,Manhattan
D35S,B,Kings Hwy,Bk,Southbound
D35N,Q,Kings Hwy,Bk,Manhattan
D35S,Q,Kings Hwy,Bk,Southbound
D37N,Q,Avenue U,Bk,Manhattan
D37S,Q,Avenue U,Bk,Southbound
D38N,Q,Neck Rd,Bk,Manhattan
D38S,Q,Neck Rd,Bk,Southbound
D39N,B,Sheepshead Bay,Bk,Manhattan
D39S,B,Sheepshead Bay,Bk,Southbound
D39N,Q,Sheepshead Bay,Bk,Manhattan
D39S,Q,Sheepshead Bay,Bk,Southbound
D40N,B,Brighton Beach,Bk,Manhattan
D40S,B,Brighton Beach,Bk,Southbound
D40N,Q,Brighton Beach,Bk,Manhattan
D40S,Q,Brighton Beach,Bk,Southbound
D41N,Q,Ocean Pkwy,Bk,Manhattan
D41S,Q,Ocean Pkwy,Bk,Coney Island
D42N,F,W 8 St-NY Aquarium,Bk,Manhattan
D42S,F,W 8 St-NY Aquarium,Bk,Coney Island
D42N,Q,W 8 St-NY Aquarium,Bk,Manhattan
D42S,Q,W 8 St-NY Aquarium,Bk,Coney Island
D43N,D,Coney Island-Stillwell Av,Bk,Manhattan
D43S,D,Coney Island-Stillwell Av,Bk,Last Stop
D43N,F,Coney Island-Stillwell Av,Bk,Manhattan
D43S,F,Coney Island-Stillwell Av,Bk,Last Stop
D43N,N,Coney Island-Stillwell Av,Bk,Manhattan
D43S,N,Coney Island-Stillwell Av,Bk,Last Stop
D43N,Q,Coney Island-Stillwell Av,Bk,Manhattan
D43S,Q,Coney Island-Stillwell Av,Bk,Last Stop
B12N,D,9 Av,Bk,Manhattan
B12S,D,9 Av,Bk,Southbound
B13N,D,Fort Hamilton Pkwy,Bk,Manhattan
B13S,D,Fort Hamilton Pkwy,Bk,Southbound
B14N,D,50 St,Bk,Manhattan
B14S,D,50 St,Bk,Southbound
B15N,D,55 St,Bk,Manhattan
B15S,D,55 St,Bk,Southbound
B16N,D,62 St,Bk,Manhattan
B16S,D,62 St,Bk,Southbound
B17N,D,71 St,Bk,Manhattan
B17S,D,71 St,Bk,Southbound
B18N,D,79 St,Bk,Manhattan
B18S,D,79 St,Bk,Southbound
B19N,D,18 Av,Bk,Manhattan
B19S,D,18 Av,Bk,Southbound
B20N,D,20 Av,Bk,Manhattan
B20S,D,20 Av,Bk,Southbound
B21N,D,Bay Pkwy,Bk,Manhattan
B21S,D,Bay Pkwy,Bk,Southbound
B22N,D,25 Av,Bk,Manhattan
B22S,D,25 Av,Bk,Coney Island
B23N,D,Bay 50 St,Bk,Manhattan
B23S,D,Bay 50 St,Bk,Coney Island
N02N,N,8 Av,Bk,Manhattan
N02S,N,8 Av,Bk,Coney Island
N03N,N,Fort Hamilton Pkwy,Bk,Manhattan
N03S,N,Fort Hamilton Pkwy,Bk,Coney Island
N04N,N,New Utrecht Av,Bk,Manhattan
N04S,N,New Utrecht Av,Bk,Coney Island
N05N,N,18 Av,Bk,Manhattan
N05S,N,18 Av,Bk,Coney Island
N06N,N,20 Av,Bk,Manhattan
N06S,N,20 Av,Bk,Coney Island
N07N,N,Bay Pkwy,Bk,Manhattan
N07S,N,Bay Pkwy,Bk,Coney Island
N08N,N,Kings Hwy,Bk,Manhattan
N08S,N,Kings Hwy,Bk,Coney Island
N09N,N,Avenue U,Bk,Manhattan
N09S,N,Avenue U,Bk,Coney Island
N10N,N,86 St,Bk,Manhattan
N10S,N,86 St,Bk,Coney Island
J12N,J,121 St,Q,Jamaica
J12S,J,121 St,Q,Manhattan
J12N,Z,121 St,Q,Jamaica
J12S,Z,121 St,Q,Manhattan
J13N,J,111 St,Q,Jamaica
J13S,J,111 St,Q,Manhattan
J14N,J,104 St,Q,Jamaica
J14S,J,104 St,Q,Manhattan
J14N,Z,104 St,Q,Jamaica
J14S,Z,104 St,Q,Manhattan
J15N,J,Woodhaven Blvd,Q,Jamaica
J15S,J,Woodhaven Blvd,Q,Manhattan
J15N,Z,Woodhaven Blvd,Q,Jamaica
J15S,Z,Woodhaven Blvd,Q,Manhattan
J16N,J,85 St-Forest Pkwy,Q,Jamaica
J16S,J,85 St-Forest Pkwy,Q,Manhattan
J17N,J,75 St-Elderts Ln,Q,Jamaica
J17S,J,75 St-Elderts Ln,Q,Manhattan
J17N,Z,75 St-Elderts Ln,Q,Jamaica
J17S,Z,75 St-Elderts Ln,Q,Manhattan
J19N,J,Cypress Hills,Bk,Queens
J19S,J,Cypress Hills,Bk,Manhattan
J20N,J,Crescent St,Bk,Outbound
J20S,J,Crescent St,Bk,Manhattan
J20N,Z,Crescent St,Bk,Outbound
J20S,Z,Crescent St,Bk,Manhattan
J21N,J,Norwood Av,Bk,Outbound
J21S,J,Norwood Av,Bk,Manhattan
J21N,Z,Norwood Av,Bk,Outbound
J21S,Z,Norwood Av,Bk,Manhattan
J22N,J,Cleveland St,Bk,Outbound
J22S,J,Cleveland St,Bk,Manhattan
J23N,J,Van Siclen Av,Bk,Outbound
J23S,J,Van Siclen Av,Bk,Manhattan
J23N,Z,Van Siclen Av,Bk,Outbound
J23S,Z,Van Siclen Av,Bk,Manhattan
J24N,J,Alabama Av,Bk,Outbound
J24S,J,Alabama Av,Bk,Manhattan
J27N,J,Broadway Junction,Bk,Outbound
J27S,J,Broadway Junction,Bk,Manhattan
J27N,Z,Broadway Junction,Bk,Outbound
J27S,Z,Broadway Junction,Bk,Manhattan
J28N,J,Chauncey St,Bk,Outbound
J28S,J,Chauncey St,Bk,Manhattan
J28N,Z,Chauncey St,Bk,Outbound
J28S,Z,Chauncey St,Bk,Manhattan
J29N,J,Halsey St,Bk,Outbound
J29S,J,Halsey St,Bk,Manhattan
J30N,J,Gates Av,Bk,Outbound
J30S,J,Gates Av,Bk,Manhattan
J30N,Z,Gates Av,Bk,Outbound
J30S,Z,Gates Av,Bk,Manhattan
J31N,J,Kosciuszko St,Bk,Outbound
J31S,J,Kosciuszko St,Bk,Manhattan
M11N,J,Myrtle Av,Bk,Outbound
M11S,J,Myrtle Av,Bk,Manhattan
M11N,M,Myrtle Av,Bk,Outbound
M11S,M,Myrtle Av,Bk,Manhattan
M11N,Z,Myrtle Av,Bk,Outbound
M11S,Z,Myrtle Av,Bk,Manhattan
M12N,J,Flushing Av,Bk,Outbound
M12S,J,Flushing Av,Bk,Manhattan
M12N,M,Flushing Av,Bk,Outbound
M12S,M,Flushing Av,Bk,Manhattan
M13N,J,Lorimer St,Bk,Outbound
M13S,J,Lorimer St,Bk,Manhattan
M13N,M,Lorimer St,Bk,Outbound
M13S,M,Lorimer St,Bk,Manhattan
M14N,J,Hewes St,Bk,Outbound
M14S,J,Hewes St,Bk,Manhattan
M14N,M,Hewes St,Bk,Outbound
M14S,M,Hewes St,Bk,Manhattan
M16N,J,Marcy Av,Bk,Outbound
M16S,J,Marcy Av,Bk,Manhattan
M16N,M,Marcy Av,Bk,Outbound
M16S,M,Marcy Av,Bk,Manhattan
M16N,Z,Marcy Av,Bk,Outbound
M16S,Z,Marcy Av,Bk,Manhattan
M18N,J,Delancey St-Essex St,M,Brooklyn
M18S,J,Delancey St-Essex St,M,Inbound
M18N,M,Delancey St-Essex St,M,Brooklyn
M18S,M,Delancey St-Essex St,M,Inbound
M18N,Z,Delancey St-Essex St,M,Brooklyn
M18S,Z,Delancey St-Essex St,M,Inbound
M19N,J,Bowery,M,Brooklyn
M19S,J,Bowery,M,Downtown
M19N,Z,Bowery,M,Brooklyn
M19S,Z,Bowery,M,Downtown
M20N,J,Canal St,M,Brooklyn
M20S,J,Canal St,M,Downtown
M20N,Z,Canal St,M,Brooklyn
M20S,Z,Canal St,M,Downtown
M21N,J,Chambers St,M,Brooklyn
M21S,J,Chambers St,M,Downtown
M21N,Z,Chambers St,M,Brooklyn
M21S,Z,Chambers St,M,Downtown
M22N,J,Fulton St,M,Brooklyn
M22S,J,Fulton St,M,Downtown
M22N,Z,Fulton St,M,Brooklyn
M22S,Z,Fulton St,M,Downtown
M23N,J,Broad St,M,Brooklyn
M23S,J,Broad St,M,Last Stop
M23N,Z,Broad St,M,Brooklyn
M23S,Z,Broad St,M,Last Stop
M01N,M,Middle Village-Metropolitan Av,Q,Inbound
M01S,M,Middle Village-Metropolitan Av,Q,Last Stop
M04N,M,Fresh Pond Rd,Q,Inbound
M04S,M,Fresh Pond Rd,Q,Middle Village
M05N,M,Forest Av,Q,Inbound
M05S,M,Forest Av,Q,Middle Village
M06N,M,Seneca Av,Q,Inbound
M06S,M,Seneca Av,Q,Middle Village
M08N,M,Myrtle-Wyckoff Avs,Bk,Inbound
M08S,M,Myrtle-Wyckoff Avs,Bk,Middle Village
M09N,M,Knickerbocker Av,Bk,Inbound
M09S,M,Knickerbocker Av,Bk,Middle Village
M10N,M,Central Av,Bk,Inbound
M10S,M,Central Av,Bk,Middle Village
L01N,L,8 Av,M,Last Stop
L01S,L,8 Av,M,Brooklyn
L02N,L,6 Av,M,West Side
L02S,L,6 Av,M,Brooklyn
L03N,L,14 St-Union Sq,M,West Side
L03S,L,14 St-Union Sq,M,Brooklyn
L05N,L,3 Av,M,West Side
L05S,L,3 Av,M,Brooklyn
L06N,L,1 Av,M,West Side
L06S,L,1 Av,M,Brooklyn
L08N,L,Bedford Av,Bk,Manhattan
L08S,L,Bedford Av,Bk,Outbound
L10N,L,Lorimer St,Bk,Manhattan
L10S,L,Lorimer St,Bk,Outbound
L11N,L,Graham Av,Bk,Manhattan
L11S,L,Graham Av,Bk,Outbound
L12N,L,Grand St,Bk,Manhattan
L12S,L,Grand St,Bk,Outbound
L13N,L,Montrose Av,Bk,Manhattan
L13S,L,Montrose Av,Bk,Outbound
L14N,L,Morgan Av,Bk,Manhattan
L14S,L,Morgan Av,Bk,Outbound
L15N,L,Jefferson St,Bk,Manhattan
L15S,L,Jefferson St,Bk,Outbound
L16N,L,DeKalb Av,Bk,Manhattan
L16S,L,DeKalb Av,Bk,Outbound
L17N,L,Myrtle-Wyckoff Avs,Bk,Manhattan
L17S,L,Myrtle-Wyckoff Avs,Bk,Outbound
L19N,L,Halsey St,Q,Manhattan
L19S,L,Halsey St,Q,Outbound
L20N,L,Wilson Av,Bk,Manhattan
L20S,L,Wilson Av,Bk,Outbound
L21N,L,Bushwick Av-Aberdeen St,Bk,Manhattan
L21S,L,Bushwick Av-Aberdeen St,Bk,Outbound
L22N,L,Broadway Junction,Bk,Manhattan
L22S,L,Broadway Junction,Bk,Outbound
L24N,L,Atlantic Av,Bk,Manhattan
L24S,L,Atlantic Av,Bk,Canarsie
L25N,L,Sutter Av,Bk,Manhattan
L25S,L,Sutter Av,Bk,Canarsie
L26N,L,Livonia Av,Bk,Manhattan
L26S,L,Livonia Av,Bk,Canarsie
L27N,L,New Lots Av,Bk,Manhattan
L27S,L,New Lots Av,Bk,Canarsie
L28N,L,East 105 St,Bk,Manhattan
L28S,L,East 105 St,Bk,Canarsie
L29N,L,Canarsie-Rockaway Pkwy,Bk,Manhattan
L29S,L,Canarsie-Rockaway Pkwy,Bk,Last Stop
S01N,S,Franklin Av,Bk,Last Stop
S01S,S,Franklin Av,Bk,Prospect Park
S03N,S,Park Pl,Bk,Franklin Av
S03S,S,Park Pl,Bk,Prospect Park
S04N,S,Botanic Garden,Bk,Franklin Av
S04S,S,Botanic Garden,Bk,Prospect Park
A02N,A,Inwood-207 St,M,Last Stop
A02S,A,Inwood-207 St,M,Downtown
A03N,A,Dyckman St,M,Uptown
A03S,A,Dyckman St,M,Downtown
A05N,A,190 St,M,Uptown
A05S,A,190 St,M,Downtown
A06N,A,181 St,M,Uptown
A06S,A,181 St,M,Downtown
A07N,A,175 St,M,Uptown
A07S,A,175 St,M,Downtown
A09N,A,168 St,M,Uptown
A09S,A,168 St,M,Downtown
A09N,C,168 St,M,Uptown
A09S,C,168 St,M,Downtown
A10N,C,163 St-Amsterdam Av,M,Uptown
A10S,C,163 St-Amsterdam Av,M,Downtown
A11N,C,155 St,M,Uptown
A11S,C,155 St,M,Downtown
A12N,A,145 St,M,Uptown
A12S,A,145 St,M,Downtown
A12N,C,145 St,M,Uptown
A12S,C,145 St,M,Downtown
D13N,B,145 St,M,Uptown
D13S,B,145 St,M,Downtown
D13N,D,145 St,M,Uptown
D13S,D,145 St,M,Downtown
A14N,B,135 St,M,Uptown
A14S,B,135 St,M,Downtown
A14N,C,135 St,M,Uptown
A14S,C,135 St,M,Downtown
A15N,A,125 St,M,Uptown
A15S,A,125 St,M,Downtown
A15N,B,125 St,M,Uptown
A15S,B,125 St,M,Downtown
A15N,C,125 St,M,Uptown
A15S,C,125 St,M,Downtown
A15N,D,125 St,M,Uptown
A15S,D,125 St,M,Downtown
A16N,B,116 St,M,Uptown
A16S,B,116 St,M,Downtown
A16N,C,116 St,M,Uptown
A16S,C,116 St,M,Downtown
A17N,B,Cathedral Pkwy (110 St),M,Uptown
A17S,B,Cathedral Pkwy (110 St),M,Downtown
A17N,C,Cathedral Pkwy (110 St),M,Uptown
A17S,C,Cathedral Pkwy (110 St),M,Downtown
A18N,B,103 St,M,Uptown
A18S,B,103 St,M,Downtown
A18N,C,103 St,M,Uptown
A18S,C,103 St,M,Downtown
A19N,B,96 St,M,Uptown
A19S,B,96 St,M,Downtown
A19N,C,96 St,M,Uptown
A19S,C,96 St,M,Downtown
A20N,B,86 St,M,Uptown
A20S,B,86 St,M,Downtown
A20N,C,86 St,M,Uptown
A20S,C,86 St,M,Downtown
A21N,B,81 St-Museum of Natural History,M,Uptown
A21S,B,81 St-Museum of Natural History,M,Downtown
A21N,C,81 St-Museum of Natural History,M,Uptown
A21S,C,81 St-Museum of Natural History,M,Downtown
A22N,B,72 St,M,Uptown
A22S,B,72 St,M,Downtown
A22N,C,72 St,M,Uptown
A22S,C,72 St,M,Downtown
A24N,A,59 St-Columbus Circle,M,Uptown
A24S,A,59 St-Columbus Circle,M,Downtown
A24N,B,59 St-Columbus Circle,M,Uptown
A24S,B,59 St-Columbus Circle,M,Downtown
A24N,C,59 St-Columbus Circle,M,Uptown
A24S,C,59 St-Columbus Circle,M,Downtown
A24N,D,59 St-Columbus Circle,M,Uptown
A24S,D,59 St-Columbus Circle,M,Downtown
A25N,C,50 St,M,Uptown
A25S,C,50 St,M,Downtown
A25N,E,50 St,M,Uptown
A25S,E,50 St,M,Downtown
A27N,A,42 St-Port Authority Bus Terminal,M,Uptown
A27S,A,42 St-Port Authority Bus Terminal,M,Downtown
A27N,C,42 St-Port Authority Bus Terminal,M,Uptown
A27S,C,42 St-Port Authority Bus Terminal,M,Downtown
A27N,E,42 St-Port Authority Bus Terminal,M,Uptown
A27S,E,42 St-Port Authority Bus Terminal,M,Downtown
A28N,A,34 St-Penn Station,M,Uptown
A28S,A,34 St-Penn Station,M,Downtown
A28N,C,34 St-Penn Station,M,Uptown
A28S,C,34 St-Penn Station,M,Downtown
A28N,E,34 St-Penn Station,M,Uptown
A28S,E,34 St-Penn Station,M,Downtown
A30N,C,23 St,M,Uptown
A30S,C,23 St,M,Downtown
A30N,E,23 St,M,Uptown
A30S,E,23 St,M,Downtown
A31N,A,14 St,M,Uptown
A31S,A,14 St,M,Downtown
A31N,C,14 St,M,Uptown
A31S,C,14 St,M,Downtown
A31N,E,14 St,M,Uptown
A31S,E,14 St,M,Downtown
A32N,A,W 4 St-Wash Sq,M,Uptown
A32S,A,W 4 St-Wash Sq,M,Downtown
A32N,C,W 4 St-Wash Sq,M,Uptown
A32S,C,W 4 St-Wash Sq,M,Downtown
A32N,E,W 4 St-Wash Sq,M,Uptown
A32S,E,W 4 St-Wash Sq,M,Downtown
D20N,B,W 4 St-Wash Sq,M,Uptown
D20S,B,W 4 St-Wash Sq,M,Downtown
D20N,D,W 4 St-Wash Sq,M,Uptown
D20S,D,W 4 St-Wash Sq,M,Downtown
D20N,F,W 4 St-Wash Sq,M,Uptown
D20S,F,W 4 St-Wash Sq,M,Downtown
D20N,M,W 4 St-Wash Sq,M,Uptown
D20S,M,W 4 St-Wash Sq,M,Downtown
A33N,C,Spring St,M,Uptown
A33S,C,Spring St,M,Downtown
A33N,E,Spring St,M,Uptown
A33S,E,Spring St,M,Downtown
A34N,A,Canal St,M,Uptown
A34S,A,Canal St,M,Downtown
A34N,C,Canal St,M,Uptown
A34S,C,Canal St,M,Downtown
A34N,E,Canal St,M,Uptown
A34S,E,Canal St,M,Downtown
A36N,A,Chambers St,M,Uptown
A36S,A,Chambers St,M,Brooklyn
A36N,C,Chambers St,M,Uptown
A36S,C,Chambers St,M,Brooklyn
E01N,E,World Trade Center,M,Uptown
E01S,E,World Trade Center,M,Last Stop
A38N,A,Fulton St,M,Uptown
A38S,A,Fulton St,M,Brooklyn
A38N,C,Fulton St,M,Uptown
A38S,C,Fulton St,M,Brooklyn
A40N,A,High St,Bk,Manhattan
A40S,A,High St,Bk,Outbound
A40N,C,High St,Bk,Manhattan
A40S,C,High St,Bk,Outbound
A41N,A,Jay St-MetroTech,Bk,Manhattan
A41S,A,Jay St-MetroTech,Bk,Outbound
A41N,C,Jay St-MetroTech,Bk,Manhattan
A41S,C,Jay St-MetroTech,Bk,Outbound
A41N,F,Jay St-MetroTech,Bk,Manhattan
A41S,F,Jay St-MetroTech,Bk,Outbound
A42N,A,Hoyt-Schermerhorn Sts,Bk,Westbound
A42S,A,Hoyt-Schermerhorn Sts,Bk,Queens
A42N,C,Hoyt-Schermerhorn Sts,Bk,Westbound
A42S,C,Hoyt-Schermerhorn Sts,Bk,Queens
A42N,G,Hoyt-Schermerhorn Sts,Bk,Westbound
A42S,G,Hoyt-Schermerhorn Sts,Bk,Queens
A43N,C,Lafayette Av,Bk,Manhattan
A43S,C,Lafayette Av,Bk,Outbound
A44N,C,Clinton-Washington Avs,Bk,Manhattan
A44S,C,Clinton-Washington Avs,Bk,Outbound
A45N,C,Franklin Av,Bk,Manhattan
A45S,C,Franklin Av,Bk,Outbound
A46N,A,Nostrand Av,Bk,Manhattan
A46S,A,Nostrand Av,Bk,Outbound
A46N,C,Nostrand Av,Bk,Manhattan
A46S,C,Nostrand Av,Bk,Outbound
A47N,C,Kingston-Throop Avs,Bk,Manhattan
A47S,C,Kingston-Throop Avs,Bk,Outbound
A48N,A,Utica Av,Bk,Manhattan
A48S,A,Utica Av,Bk,Outbound
A48N,C,Utica Av,Bk,Manhattan
A48S,C,Utica Av,Bk,Outbound
A49N,C,Ralph Av,Bk,Manhattan
A49S,C,Ralph Av,Bk,Outbound
A50N,C,Rockaway Av,Bk,Manhattan
A50S,C,Rockaway Av,Bk,Outbound
A51N,A,Broadway Junction,Bk,Manhattan
A51S,A,Broadway Junction,Bk,Outbound
A51N,C,Broadway Junction,Bk,Manhattan
A51S,C,Broadway Junction,Bk,Outbound
A52N,C,Liberty Av,Bk,Manhattan
A52S,C,Liberty Av,Bk,Outbound
A53N,C,Van Siclen Av,Bk,Manhattan
A53S,C,Van Siclen Av,Bk,Outbound
A54N,C,Shepherd Av,Bk,Manhattan
A54S,C,Shepherd Av,Bk,Outbound
A55N,A,Euclid Av,Bk,Manhattan
A55S,A,Euclid Av,Bk,Queens
A55N,C,Euclid Av,Bk,Manhattan
A55S,C,Euclid Av,Bk,Queens
A57N,A,Grant Av,Bk,Manhattan
A57S,A,Grant Av,Bk,Queens
A59N,A,80 St,Q,Manhattan
A59S,A,80 St,Q,Outbound
A60N,A,88 St,Q,Manhattan
A60S,A,88 St,Q,Outbound
A61N,A,Rockaway Blvd,Q,Manhattan
A61S,A,Rockaway Blvd,Q,Outbound
A63N,A,104 St,Q,Manhattan
A63S,A,104 St,Q,Ozone Park
A64N,A,111 St,Q,Manhattan
A64S,A,111 St,Q,Ozone Park
A65N,A,Ozone Park-Lefferts Blvd,Q,Manhattan
A65S,A,Ozone Park-Lefferts Blvd,Q,Last Stop
H01N,A,Aqueduct Racetrack,Q,Manhattan
H01S,A,Aqueduct Racetrack,Q,Rockaways
H02N,A,Aqueduct-N Conduit Av,Q,Manhattan
H02S,A,Aqueduct-N Conduit Av,Q,Rockaways
H03N,A,Howard Beach-JFK Airport,Q,Manhattan
H03S,A,Howard Beach-JFK Airport,Q,Rockaways
H04N,A,Broad Channel,Q,Inbound
H04S,A,Broad Channel,Q,Rockaways
H04N,S,Broad Channel,Q,Inbound
H04S,S,Broad Channel,Q,Rockaways
H12N,A,Beach 90 St,Q,Inbound
H12S,A,Beach 90 St,Q,Rockaway Park
H12N,S,Beach 90 St,Q,Inbound
H12S,S,Beach 90 St,Q,Rockaway Park
H13N,A,Beach 98 St,Q,Inbound
H13S,A,Beach 98 St,Q,Rockaway Park
H13N,S,Beach 98 St,Q,Inbound
H13S,S,Beach 98 St,Q,Rockaway Park
H14N,A,Beach 105 St,Q,Inbound
H14S,A,Beach 105 St,Q,Rockaway Park
H14N,S,Beach 105 St,Q,Inbound
H14S,S,Beach 105 St,Q,Rockaway Park
H15N,A,Rockaway Park-Beach 116 St,Q,Inbound
H15S,A,Rockaway Park-Beach 116 St,Q,Last Stop
H15N,S,Rockaway Park-Beach 116 St,Q,Inbound
H15S,S,Rockaway Park-Beach 116 St,Q,Last Stop
H06N,A,Beach 67 St,Q,Manhattan
H06S,A,Beach 67 St,Q,Far Rockaway
H07N,A,Beach 60 St,Q,Manhattan
H07S,A,Beach 60 St,Q,Far Rockaway
H08N,A,Beach 44 St,Q,Manhattan
H08S,A,Beach 44 St,Q,Far Rockaway
H09N,A,Beach 36 St,Q,Manhattan
H09S,A,Beach 36 St,Q,Far Rockaway
H10N,A,Beach 25 St,Q,Manhattan
H10S,A,Beach 25 St,Q,Far Rockaway
H11N,A,Far Rockaway-Mott Av,Q,Manhattan
H11S,A,Far Rockaway-Mott Av,Q,Last Stop
D01N,D,Norwood-205 St,Bx,Last Stop
D01S,D,Norwood-205 St,Bx,Manhattan
D03N,B,Bedford Park Blvd,Bx,Northbound
D03S,B,Bedford Park Blvd,Bx,Manhattan
D03N,D,Bedford Park Blvd,Bx,Northbound
D03S,D,Bedford Park Blvd,Bx,Manhattan
D04N,B,Kingsbridge Rd,Bx,Northbound
D04S,B,Kingsbridge Rd,Bx,Manhattan
D04N,D,Kingsbridge Rd,Bx,Northbound
D04S,D,Kingsbridge Rd,Bx,Manhattan
D05N,B,Fordham Rd,Bx,Northbound
D05S,B,Fordham Rd,Bx,Manhattan
D05N,D,Fordham Rd,Bx,Northbound
D05S,D,Fordham Rd,Bx,Manhattan
D06N,B,182-183 Sts,Bx,Northbound
D06S,B,182-183 Sts,Bx,Manhattan
D06N,D,182-183 Sts,Bx,Northbound
D06S,D,182-183 Sts,Bx,Manhattan
D07N,B,Tremont Av,Bx,Northbound
D07S,B,Tremont Av,Bx,Manhattan
D07N,D,Tremont Av,Bx,Northbound
D07S,D,Tremont Av,Bx,Manhattan
D08N,B,174-175 Sts,Bx,Northbound
D08S,B,174-175 Sts,Bx,Manhattan
D08N,D,174-175 Sts,Bx,Northbound
D08S,D,174-175 Sts,Bx,Manhattan
D09N,B,170 St,Bx,Northbound
D09S,B,170 St,Bx,Manhattan
D09N,D,170 St,Bx,Northbound
D09S,D,170 St,Bx,Manhattan
D10N,B,167 St,Bx,Northbound
D10S,B,167 St,Bx,Manhattan
D10N,D,167 St,Bx,Northbound
D10S,D,167 St,Bx,Manhattan
D11N,B,161 St-Yankee Stadium,Bx,Northbound
D11S,B,161 St-Yankee Stadium,Bx,Manhattan
D11N,D,161 St-Yankee Stadium,Bx,Northbound
D11S,D,161 St-Yankee Stadium,Bx,Manhattan
D12N,B,155 St,M,The Bronx
D12S,B,155 St,M,Downtown
D12N,D,155 St,M,The Bronx
D12S,D,155 St,M,Downtown
B04N,F,21 St-Queensbridge,Q,Outbound
B04S,F,21 St-Queensbridge,Q,Manhattan
B06N,F,Roosevelt Island,M,Queens
B06S,F,Roosevelt Island,M,Downtown
B08N,F,Lexington Av/63 St,M,Uptown & Queens
B08S,F,Lexington Av/63 St,M,Downtown
B08N,Q,Lexington Av/63 St,M,Uptown & Queens
B08S,Q,Lexington Av/63 St,M,Downtown
B10N,F,57 St,M,Uptown
B10S,F,57 St,M,Downtown
D15N,B,47-50 Sts-Rockefeller Ctr,M,Uptown
D15S,B,47-50 Sts-Rockefeller Ctr,M,Downtown
D15N,D,47-50 Sts-Rockefeller Ctr,M,Uptown
D15S,D,47-50 Sts-Rockefeller Ctr,M,Downtown
D15N,F,47-50 Sts-Rockefeller Ctr,M,Uptown
D15S,F,47-50 Sts-Rockefeller Ctr,M,Downtown
D15N,M,47-50 Sts-Rockefeller Ctr,M,Uptown
D15S,M,47-50 Sts-Rockefeller Ctr,M,Downtown
D16N,B,42 St-Bryant Pk,M,Uptown
D16S,B,42 St-Bryant Pk,M,Downtown
D16N,D,42 St-Bryant Pk,M,Uptown
D16S,D,42 St-Bryant Pk,M,Downtown
D16N,F,42 St-Bryant Pk,M,Uptown
D16S,F,42 St-Bryant Pk,M,Downtown
D16N,M,42 St-Bryant Pk,M,Uptown
D16S,M,42 St-Bryant Pk,M,Downtown
D17N,B,34 St-Herald Sq,M,Uptown
D17S,B,34 St-Herald Sq,M,Downtown
D17N,D,34 St-Herald Sq,M,Uptown
D17S,D,34 St-Herald Sq,M,Downtown
D17N,F,34 St-Herald Sq,M,Uptown
D17S,F,34 St-Herald Sq,M,Downtown
D17N,M,34 St-Herald Sq,M,Uptown
D17S,M,34 St-Herald Sq,M,Downtown
D18N,F,23 St,M,Uptown
D18S,F,23 St,M,Downtown
D18N,M,23 St,M,Uptown
D18S,M,23 St,M,Downtown
D19N,F,14 St,M,Uptown
D19S,F,14 St,M,Downtown
D19N,M,14 St,M,Uptown
D19S,M,14 St,M,Downtown
D21N,B,Broadway-Lafayette St,M,Uptown
D21S,B,Broadway-Lafayette St,M,Downtown
D21N,D,Broadway-Lafayette St,M,Uptown
D21S,D,Broadway-Lafayette St,M,Downtown
D21N,F,Broadway-Lafayette St,M,Uptown
D21S,F,Broadway-Lafayette St,M,Downtown
D21N,M,Broadway-Lafayette St,M,Uptown
D21S,M,Broadway-Lafayette St,M,Downtown
D22N,B,Grand St,M,Uptown
D22S,B,Grand St,M,Brooklyn
D22N,D,Grand St,M,Uptown
D22S,D,Grand St,M,Brooklyn
F14N,F,2 Av,M,Uptown
F14S,F,2 Av,M,Downtown
F15N,F,Delancey St-Essex St,M,Uptown
F15S,F,Delancey St-Essex St,M,Brooklyn
F16N,F,East Broadway,M,Uptown
F16S,F,East Broadway,M,Brooklyn
F18N,F,York St,Bk,Manhattan
F18S,F,York St,Bk,Southbound
F20N,F,Bergen St,Bk,Northbound
F20S,F,Bergen St,Bk,Southbound
F20N,G,Bergen St,Bk,Northbound
F20S,G,Bergen St,Bk,Southbound
F21N,F,Carroll St,Bk,Northbound
F21S,F,Carroll St,Bk,Southbound
F21N,G,Carroll St,Bk,Northbound
F21S,G,Carroll St,Bk,Southbound
F22N,F,Smith-9 Sts,Bk,Northbound
F22S,F,Smith-9 Sts,Bk,Southbound
F22N,G,Smith-9 Sts,Bk,Northbound
F22S,G,Smith-9 Sts,Bk,Southbound
F23N,F,4 Av-9 St,Bk,Northbound
F23S,F,4 Av-9 St,Bk,Southbound
F23N,G,4 Av-9 St,Bk,Northbound
F23S,G,4 Av-9 St,Bk,Southbound
F24N,F,7 Av,Bk,Northbound
F24S,F,7 Av,Bk,Southbound
F24N,G,7 Av,Bk,Northbound
F24S,G,7 Av,Bk,Southbound
F25N,F,15 St-Prospect Park,Bk,Northbound
F25S,F,15 St-Prospect Park,Bk,Southbound
F25N,G,15 St-Prospect Park,Bk,Northbound
F25S,G,15 St-Prospect Park,Bk,Southbound
F26N,F,Fort Hamilton Pkwy,Bk,Northbound
F26S,F,Fort Hamilton Pkwy,Bk,Southbound
F26N,G,Fort Hamilton Pkwy,Bk,Northbound
F26S,G,Fort Hamilton Pkwy,Bk,Southbound
F27N,F,Church Av,Bk,Northbound
F27S,F,Church Av,Bk,Southbound
F27N,G,Church Av,Bk,Northbound
F27S,G,Church Av,Bk,Southbound
F29N,F,Ditmas Av,Bk,Manhattan
F29S,F,Ditmas Av,Bk,Southbound
F30N,F,18 Av,Bk,Manhattan
F30S,F,18 Av,Bk,Southbound
F31N,F,Avenue I,Bk,Manhattan
F31S,F,Avenue I,Bk,Southbound
F32N,F,Bay Pkwy,Bk,Manhattan
F32S,F,Bay Pkwy,Bk,Southbound
F33N,F,Avenue N,Bk,Manhattan
F33S,F,Avenue N,Bk,Southbound
F34N,F,Avenue P,Bk,Manhattan
F34S,F,Avenue P,Bk,Southbound
F35N,F,Kings Hwy,Bk,Manhattan
F35S,F,Kings Hwy,Bk,Southbound
F36N,F,Avenue U,Bk,Manhattan
F36S,F,Avenue U,Bk,Coney Island
F38N,F,Avenue X,Bk,Manhattan
F38S,F,Avenue X,Bk,Coney Island
F39N,F,Neptune Av,Bk,Manhattan
F39S,F,Neptune Av,Bk,Coney Island
F01N,F,Jamaica-179 St,Q,Last Stop
F01S,F,Jamaica-179 St,Q,Manhattan
F02N,F,169 St,Q,Jamaica
F02S,F,169 St,Q,Manhattan
F03N,F,Parsons Blvd,Q,Jamaica
F03S,F,Parsons Blvd,Q,Manhattan
F04N,F,Sutphin Blvd,Q,Jamaica
F04S,F,Sutphin Blvd,Q,Manhattan
F05N,E,Briarwood,Q,Jamaica
F05S,E,Briarwood,Q,Manhattan
F05N,F,Briarwood,Q,Jamaica
F05S,F,Briarwood,Q,Manhattan
F06N,E,Kew Gardens-Union Tpke,Q,Jamaica
F06S,E,Kew Gardens-Union Tpke,Q,Manhattan
F06N,F,Kew Gardens-Union Tpke,Q,Jamaica
F06S,F,Kew Gardens-Union Tpke,Q,Manhattan
F07N,E,75 Av,Q,Jamaica
F07S,E,75 Av,Q,Manhattan
F07N,F,75 Av,Q,Jamaica
F07S,F,75 Av,Q,Manhattan
G08N,E,Forest Hills-71 Av,Q,Outbound
G08S,E,Forest Hills-71 Av,Q,Manhattan
G08N,F,Forest Hills-71 Av,Q,Outbound
G08S,F,Forest Hills-71 Av,Q,Manhattan
G08N,M,Forest Hills-71 Av,Q,Outbound
G08S,M,Forest Hills-71 Av,Q,Manhattan
G08N,R,Forest Hills-71 Av,Q,Outbound
G08S,R,Forest Hills-71 Av,Q,Manhattan
G09N,M,67 Av,Q,Outbound
G09S,M,67 Av,Q,Manhattan
G09N,R,67 Av,Q,Outbound
G09S,R,67 Av,Q,Manhattan
G10N,M,63 Dr-Rego Park,Q,Outbound
G10S,M,63 Dr-Rego Park,Q,Manhattan
G10N,R,63 Dr-Rego Park,Q,Outbound
G10S,R,63 Dr-Rego Park,Q,Manhattan
G11N,M,Woodhaven Blvd,Q,Outbound
G11S,M,Woodhaven Blvd,Q,Manhattan
G11N,R,Woodhaven Blvd,Q,Outbound
G11S,R,Woodhaven Blvd,Q,Manhattan
G12N,M,Grand Av-Newtown,Q,Outbound
G12S,M,Grand Av-Newtown,Q,Manhattan
G12N,R,Grand Av-Newtown,Q,Outbound
G12S,R,Grand Av-Newtown,Q,Manhattan
G13N,M,Elmhurst Av,Q,Outbound
G13S,M,Elmhurst Av,Q,Manhattan
G13N,R,Elmhurst Av,Q,Outbound
G13S,R,Elmhurst Av,Q,Manhattan
G14N,E,Jackson Hts-Roosevelt Av,Q,Outbound
G14S,E,Jackson Hts-Roosevelt Av,Q,Manhattan
G14N,F,Jackson Hts-Roosevelt Av,Q,Outbound
G14S,F,Jackson Hts-Roosevelt Av,Q,Manhattan
G14N,M,Jackson Hts-Roosevelt Av,Q,Outbound
G14S,M,Jackson Hts-Roosevelt Av,Q,Manhattan
G14N,R,Jackson Hts-Roosevelt Av,Q,Outbound
G14S,R,Jackson Hts-Roosevelt Av,Q,Manhattan
G15N,M,65 St,Q,Outbound
G15S,M,65 St,Q,Manhattan
G15N,R,65 St,Q,Outbound
G15S,R,65 St,Q,Manhattan
G16N,M,Northern Blvd,Q,Outbound
G16S,M,Northern Blvd,Q,Manhattan
G16N,R,Northern Blvd,Q,Outbound
G16S,R,Northern Blvd,Q,Manhattan
G18N,M,46 St,Q,Outbound
G18S,M,46 St,Q,Manhattan
G18N,R,46 St,Q,Outbound
G18S,R,46 St,Q,Manhattan
G19N,M,Steinway St,Q,Outbound
G19S,M,Steinway St,Q,Manhattan
G19N,R,Steinway St,Q,Outbound
G19S,R,Steinway St,Q,Manhattan
G20N,M,36 St,Q,Outbound
G20S,M,36 St,Q,Manhattan
G20N,R,36 St,Q,Outbound
G20S,R,36 St,Q,Manhattan
G21N,E,Queens Plaza,Q,Outbound
G21S,E,Queens Plaza,Q,Manhattan
G21N,M,Queens Plaza,Q,Outbound
G21S,M,Queens Plaza,Q,Manhattan
G21N,R,Queens Plaza,Q,Outbound
G21S,R,Queens Plaza,Q,Manhattan
F09N,E,Court Sq-23 St,Q,Outbound
F09S,E,Court Sq-23 St,Q,Manhattan
F09N,M,Court Sq-23 St,Q,Outbound
F09S,M,Court Sq-23 St,Q,Manhattan
F11N,E,Lexington Av/53 St,M,Queens
F11S,E,Lexington Av/53 St,M,Downtown
F11N,M,Lexington Av/53 St,M,Queens
F11S,M,Lexington Av/53 St,M,Downtown
F12N,E,5 Av/53 St,M,Queens
F12S,E,5 Av/53 St,M,Downtown
F12N,M,5 Av/53 St,M,Queens
F12S,M,5 Av/53 St,M,Downtown
D14N,B,7 Av,M,Outbound
D14S,B,7 Av,M,Downtown
D14N,D,7 Av,M,Outbound
D14S,D,7 Av,M,Downtown
D14N,E,7 Av,M,Outbound
D14S,E,7 Av,M,Downtown
G05N,E,Jamaica Center-Parsons/Archer,Q,Last Stop
G05S,E,Jamaica Center-Parsons/Archer,Q,Manhattan
G05N,J,Jamaica Center-Parsons/Archer,Q,Last Stop
G05S,J,Jamaica Center-Parsons/Archer,Q,Manhattan
G05N,Z,Jamaica Center-Parsons/Archer,Q,Last Stop
G05S,Z,Jamaica Center-Parsons/Archer,Q,Manhattan
G06N,E,Sutphin Blvd-Archer Av-JFK Airport,Q,Jamaica
G06S,E,Sutphin Blvd-Archer Av-JFK Airport,Q,Manhattan
G06N,J,Sutphin Blvd-Archer Av-JFK Airport,Q,Jamaica
G06S,J,Sutphin Blvd-Archer Av-JFK Airport,Q,Manhattan
G06N,Z,Sutphin Blvd-Archer Av-JFK Airport,Q,Jamaica
G06S,Z,Sutphin Blvd-Archer Av-JFK Airport,Q,Manhattan
G07N,E,Jamaica-Van Wyck,Q,Jamaica
G07S,E,Jamaica-Van Wyck,Q,Manhattan
G22N,G,Court Sq,Q,Last Stop
G22S,G,Court Sq,Q,Brooklyn
G24N,G,21 St,Q,Court Square
G24S,G,21 St,Q,Brooklyn
G26N,G,Greenpoint Av,Bk,Queens
G26S,G,Greenpoint Av,Bk,Southbound
G28N,G,Nassau Av,Bk,Queens
G28S,G,Nassau Av,Bk,Southbound
G29N,G,Metropolitan Av,Bk,Queens
G29S,G,Metropolitan Av,Bk,Southbound
G30N,G,Broadway,Bk,Queens
G30S,G,Broadway,Bk,Southbound
G31N,G,Flushing Av,Bk,Queens
G31S,G,Flushing Av,Bk,Southbound
G32N,G,Myrtle-Willoughby Avs,Bk,Queens
G32S,G,Myrtle-Willoughby Avs,Bk,Southbound
G33N,G,Bedford-Nostrand Avs,Bk,Queens
G33S,G,Bedford-Nostrand Avs,Bk,Southbound
G34N,G,Classon Av,Bk,Queens
G34S,G,Classon Av,Bk,Southbound
G35N,G,Clinton-Washington Avs,Bk,Queens
G35S,G,Clinton-Washington Avs,Bk,Southbound
G36N,G,Fulton St,Bk,Queens
G36S,G,Fulton St,Bk,Southbound
101N,1,Van Cortlandt Park-242 St,Bx,Last Stop
101S,1,Van Cortlandt Park-242 St,Bx,Manhattan
103N,1,238 St,Bx,Van Cortlandt
103S,1,238 St,Bx,Manhattan
104N,1,231 St,Bx,Van Cortlandt
104S,1,231 St,Bx,Manhattan
106N,1,Marble Hill-225 St,M,The Bronx
106S,1,Marble Hill-225 St,M,Downtown
107N,1,215 St,M,The Bronx
107S,1,215 St,M,Downtown
108N,1,207 St,M,The Bronx
108S,1,207 St,M,Downtown
109N,1,Dyckman St,M,The Bronx
109S,1,Dyckman St,M,Downtown
110N,1,191 St,M,The Bronx
110S,1,191 St,M,Downtown
111N,1,181 St,M,The Bronx
111S,1,181 St,M,Downtown
112N,1,168 St-Washington Hts,M,Uptown
112S,1,168 St-Washington Hts,M,Downtown
113N,1,157 St,M,Uptown
113S,1,157 St,M,Downtown
114N,1,145 St,M,Uptown
114S,1,145 St,M,Downtown
115N,1,137 St-City College,M,Uptown
115S,1,137 St-City College,M,Downtown
116N,1,125 St,M,Uptown
116S,1,125 St,M,Downtown
117N,1,116 St-Columbia University,M,Uptown
117S,1,116 St-Columbia University,M,Downtown
118N,1,Cathedral Pkwy (110 St),M,Uptown
118S,1,Cathedral Pkwy (110 St),M,Downtown
119N,1,103 St,M,Uptown
119S,1,103 St,M,Downtown
120N,1,96 St,M,Uptown
120S,1,96 St,M,Downtown
120N,2,96 St,M,Uptown
120S,2,96 St,M,Downtown
120N,3,96 St,M,Uptown
120S,3,96 St,M,Downtown
121N,1,86 St,M,Uptown
121S,1,86 St,M,Downtown
122N,1,79 St,M,Uptown
122S,1,79 St,M,Downtown
123N,1,72 St,M,Uptown
123S,1,72 St,M,Downtown
123N,2,72 St,M,Uptown
123S,2,72 St,M,Downtown
123N,3,72 St,M,Uptown
123S,3,72 St,M,Downtown
124N,1,66 St-Lincoln Center,M,Uptown
124S,1,66 St-Lincoln Center,M,Downtown
125N,1,59 St-Columbus Circle,M,Uptown
125S,1,59 St-Columbus Circle,M,Downtown
126N,1,50 St,M,Uptown
126S,1,50 St,M,Downtown
127N,1,Times Sq-42 St,M,Uptown
127S,1,Times Sq-42 St,M,Downtown
127N,2,Times Sq-42 St,M,Uptown
127S,2,Times Sq-42 St,M,Downtown
127N,3,Times Sq-42 St,M,Uptown
127S,3,Times Sq-42 St,M,Downtown
128N,1,34 St-Penn Station,M,Uptown
128S,1,34 St-Penn Station,M,Downtown
128N,2,34 St-Penn Station,M,Uptown
128S,2,34 St-Penn Station,M,Downtown
128N,3,34 St-Penn Station,M,Uptown
128S,3,34 St-Penn Station,M,Downtown
129N,1,28 St,M,Uptown
129S,1,28 St,M,Downtown
130N,1,23 St,M,Uptown
130S,1,23 St,M,Downtown
131N,1,18 St,M,Uptown
131S,1,18 St,M,Downtown
132N,1,14 St,M,Uptown
132S,1,14 St,M,Downtown
132N,2,14 St,M,Uptown
132S,2,14 St,M,Downtown
132N,3,14 St,M,Uptown
132S,3,14 St,M,Downtown
133N,1,Christopher St-Sheridan Sq,M,Uptown
133S,1,Christopher St-Sheridan Sq,M,Downtown
134N,1,Houston St,M,Uptown
134S,1,Houston St,M,Downtown
135N,1,Canal St,M,Uptown
135S,1,Canal St,M,Downtown
136N,1,Franklin St,M,Uptown
136S,1,Franklin St,M,Downtown
137N,1,Chambers St,M,Uptown
137S,1,Chambers St,M,Downtown
137N,2,Chambers St,M,Uptown
137S,2,Chambers St,M,Downtown
137N,3,Chambers St,M,Uptown
137S,3,Chambers St,M,Downtown
138N,1,WTC Cortlandt,M,Uptown
138S,1,WTC Cortlandt,M,Downtown
139N,1,Rector St,M,Uptown
139S,1,Rector St,M,Downtown
142N,1,South Ferry,M,Uptown
142S,1,South Ferry,M,Last Stop
228N,2,Park Place,M,Uptown
228S,2,Park Place,M,Brooklyn
228N,3,Park Place,M,Uptown
228S,3,Park Place,M,Brooklyn
229N,2,Fulton St,M,Uptown
229S,2,Fulton St,M,Brooklyn
229N,3,Fulton St,M,Uptown
229S,3,Fulton St,M,Brooklyn
230N,2,Wall St,M,Uptown
230S,2,Wall St,M,Brooklyn
230N,3,Wall St,M,Uptown
230S,3,Wall St,M,Brooklyn
231N,2,Clark St,Bk,Manhattan
231S,2,Clark St,Bk,Outbound
231N,3,Clark St,Bk,Manhattan
231S,3,Clark St,Bk,Outbound
232N,2,Borough Hall,Bk,Manhattan
232S,2,Borough Hall,Bk,Outbound
232N,3,Borough Hall,Bk,Manhattan
232S,3,Borough Hall,Bk,Outbound
233N,2,Hoyt St,Bk,Manhattan
233S,2,Hoyt St,Bk,Outbound
233N,3,Hoyt St,Bk,Manhattan
233S,3,Hoyt St,Bk,Outbound
234N,2,Nevins St,Bk,Manhattan
234S,2,Nevins St,Bk,Outbound
234N,3,Nevins St,Bk,Manhattan
234S,3,Nevins St,Bk,Outbound
234N,4,Nevins St,Bk,Manhattan
234S,4,Nevins St,Bk,Outbound
234N,5,Nevins St,Bk,Manhattan
234S,5,Nevins St,Bk,Outbound
235N,2,Atlantic Av-Barclays Ctr,Bk,Manhattan
235S,2,Atlantic Av-Barclays Ctr,Bk,Outbound
235N,3,Atlantic Av-Barclays Ctr,Bk,Manhattan
235S,3,Atlantic Av-Barclays Ctr,Bk,Outbound
235N,4,Atlantic Av-Barclays Ctr,Bk,Manhattan
235S,4,Atlantic Av-Barclays Ctr,Bk,Outbound
235N,5,Atlantic Av-Barclays Ctr,Bk,Manhattan
235S,5,Atlantic Av-Barclays Ctr,Bk,Outbound
236N,2,Bergen St,Bk,Manhattan
236S,2,Bergen St,Bk,Outbound
236N,3,Bergen St,Bk,Manhattan
236S,3,Bergen St,Bk,Outbound
237N,2,Grand Army Plaza,Bk,Manhattan
237S,2,Grand Army Plaza,Bk,Outbound
237N,3,Grand Army Plaza,Bk,Manhattan
237S,3,Grand Army Plaza,Bk,Outbound
238N,2,Eastern Pkwy-Brooklyn Museum,Bk,Manhattan
238S,2,Eastern Pkwy-Brooklyn Museum,Bk,Outbound
238N,3,Eastern Pkwy-Brooklyn Museum,Bk,Manhattan
238S,3,Eastern Pkwy-Brooklyn Museum,Bk,Outbound
239N,2,Franklin Av-Medgar Evers College,Bk,Manhattan
239S,2,Franklin Av-Medgar Evers College,Bk,Outbound
239N,3,Franklin Av-Medgar Evers College,Bk,Manhattan
239S,3,Franklin Av-Medgar Evers College,Bk,Outbound
239N,4,Franklin Av-Medgar Evers College,Bk,Manhattan
239S,4,Franklin Av-Medgar Evers College,Bk,Outbound
239N,5,Franklin Av-Medgar Evers College,Bk,Manhattan
239S,5,Franklin Av-Medgar Evers College,Bk,Outbound
248N,3,Nostrand Av,Bk,Manhattan
248S,3,Nostrand Av,Bk,Outbound
249N,3,Kingston Av,Bk,Manhattan
249S,3,Kingston Av,Bk,Outbound
250N,3,Crown Hts-Utica Av,Bk,Manhattan
250S,3,Crown Hts-Utica Av,Bk,Outbound
250N,4,Crown Hts-Utica Av,Bk,Manhattan
250S,4,Crown Hts-Utica Av,Bk,Outbound
251N,3,Sutter Av-Rutland Rd,Bk,Manhattan
251S,3,Sutter Av-Rutland Rd,Bk,New Lots
252N,3,Saratoga Av,Bk,Manhattan
252S,3,Saratoga Av,Bk,New Lots
253N,3,Rockaway Av,Bk,Manhattan
253S,3,Rockaway Av,Bk,New Lots
254N,3,Junius St,Bk,Manhattan
254S,3,Junius St,Bk,New Lots
255N,3,Pennsylvania Av,Bk,Manhattan
255S,3,Pennsylvania Av,Bk,New Lots
256N,3,Van Siclen Av,Bk,Manhattan
256S,3,Van Siclen Av,Bk,New Lots
257N,3,New Lots Av,Bk,Manhattan
257S,3,New Lots Av,Bk,Last Stop
241N,2,President St-Medgar Evers College,Bk,Manhattan
241S,2,President St-Medgar Evers College,Bk,Flatbush
241N,5,President St-Medgar Evers College,Bk,Manhattan
241S,5,President St-Medgar Evers College,Bk,Flatbush
242N,2,Sterling St,Bk,Manhattan
242S,2,Sterling St,Bk,Flatbush
242N,5,Sterling St,Bk,Manhattan
242S,5,Sterling St,Bk,Flatbush
243N,2,Winthrop St,Bk,Manhattan
243S,2,Winthrop St,Bk,Flatbush
243N,5,Winthrop St,Bk,Manhattan
243S,5,Winthrop St,Bk,Flatbush
244N,2,Church Av,Bk,Manhattan
244S,2,Church Av,Bk,Flatbush
244N,5,Church Av,Bk,Manhattan
244S,5,Church Av,Bk,Flatbush
245N,2,Beverly Rd,Bk,Manhattan
245S,2,Beverly Rd,Bk,Flatbush
245N,5,Beverly Rd,Bk,Manhattan
245S,5,Beverly Rd,Bk,Flatbush
246N,2,Newkirk Av-Little Haiti,Bk,Manhattan
246S,2,Newkirk Av-Little Haiti,Bk,Flatbush
246N,5,Newkirk Av-Little Haiti,Bk,Manhattan
246S,5,Newkirk Av-Little Haiti,Bk,Flatbush
247N,2,Flatbush Av-Brooklyn College,Bk,Manhattan
247S,2,Flatbush Av-Brooklyn College,Bk,Last Stop
247N,5,Flatbush Av-Brooklyn College,Bk,Manhattan
247S,5,Flatbush Av-Brooklyn College,Bk,Last Stop
601N,6,Pelham Bay Park,Bx,Last Stop
601S,6,Pelham Bay Park,Bx,Manhattan
602N,6,Buhre Av,Bx,Pelham Bay
602S,6,Buhre Av,Bx,Manhattan
603N,6,Middletown Rd,Bx,Pelham Bay
603S,6,Middletown Rd,Bx,Manhattan
604N,6,Westchester Sq-E Tremont Av,Bx,Pelham Bay
604S,6,Westchester Sq-E Tremont Av,Bx,Manhattan
606N,6,Zerega Av,Bx,Pelham Bay
606S,6,Zerega Av,Bx,Manhattan
607N,6,Castle Hill Av,Bx,Pelham Bay
607S,6,Castle Hill Av,Bx,Manhattan
608N,6,Parkchester,Bx,Northbound
608S,6,Parkchester,Bx,Manhattan
609N,6,St Lawrence Av,Bx,Northbound
609S,6,St Lawrence Av,Bx,Manhattan
610N,6,Morrison Av-Soundview,Bx,Northbound
610S,6,Morrison Av-Soundview,Bx,Manhattan
611N,6,Elder Av,Bx,Northbound
611S,6,Elder Av,Bx,Manhattan
612N,6,Whitlock Av,Bx,Northbound
612S,6,Whitlock Av,Bx,Manhattan
613N,6,Hunts Point Av,Bx,Northbound
613S,6,Hunts Point Av,Bx,Manhattan
614N,6,Longwood Av,Bx,Northbound
614S,6,Longwood Av,Bx,Manhattan
615N,6,E 149 St,Bx,Northbound
615S,6,E 149 St,Bx,Manhattan
616N,6,E 143 St-St Mary's St,Bx,Northbound
616S,6,E 143 St-St Mary's St,Bx,Manhattan
617N,6,Cypress Av,Bx,Northbound
617S,6,Cypress Av,Bx,Manhattan
618N,6,Brook Av,Bx,Northbound
618S,6,Brook Av,Bx,Manhattan
619N,6,3 Av-138 St,Bx,Northbound
619S,6,3 Av-138 St,Bx,Manhattan
401N,4,Woodlawn,Bx,Last Stop
401S,4,Woodlawn,Bx,Manhattan
402N,4,Mosholu Pkwy,Bx,Woodlawn
402S,4,Mosholu Pkwy,Bx,Manhattan
405N,4,Bedford Park Blvd-Lehman College,Bx,Northbound
405S,4,Bedford Park Blvd-Lehman College,Bx,Manhattan
406N,4,Kingsbridge Rd,Bx,Northbound
406S,4,Kingsbridge Rd,Bx,Manhattan
407N,4,Fordham Rd,Bx,Northbound
407S,4,Fordham Rd,Bx,Manhattan
408N,4,183 St,Bx,Northbound
408S,4,183 St,Bx,Manhattan
409N,4,Burnside Av,Bx,Northbound
409S,4,Burnside Av,Bx,Manhattan
410N,4,176 St,Bx,Northbound
410S,4,176 St,Bx,Manhattan
411N,4,Mt Eden Av,Bx,Northbound
411S,4,Mt Eden Av,Bx,Manhattan
412N,4,170 St,Bx,Northbound
412S,4,170 St,Bx,Manhattan
413N,4,167 St,Bx,Northbound
413S,4,167 St,Bx,Manhattan
414N,4,161 St-Yankee Stadium,Bx,Northbound
414S,4,161 St-Yankee Stadium,Bx,Manhattan
415N,4,149 St-Grand Concourse,Bx,Northbound
415S,4,149 St-Grand Concourse,Bx,Manhattan
416N,4,138 St-Grand Concourse,Bx,Northbound
416S,4,138 St-Grand Concourse,Bx,Manhattan
416N,5,138 St-Grand Concourse,Bx,Northbound
416S,5,138 St-Grand Concourse,Bx,Manhattan
621N,4,125 St,M,The Bronx
621S,4,125 St,M,Downtown
621N,5,125 St,M,The Bronx
621S,5,125 St,M,Downtown
621N,6,125 St,M,The Bronx
621S,6,125 St,M,Downtown
622N,6,116 St,M,The Bronx
622S,6,116 St,M,Downtown
623N,6,110 St,M,The Bronx
623S,6,110 St,M,Downtown
624N,6,103 St,M,The Bronx
624S,6,103 St,M,Downtown
625N,6,96 St,M,The Bronx
625S,6,96 St,M,Downtown
626N,4,86 St,M,Uptown
626S,4,86 St,M,Downtown
626N,5,86 St,M,Uptown
626S,5,86 St,M,Downtown
626N,6,86 St,M,Uptown
626S,6,86 St,M,Downtown
627N,6,77 St,M,Uptown
627S,6,77 St,M,Downtown
628N,6,68 St-Hunter College,M,Uptown
628S,6,68 St-Hunter College,M,Downtown
629N,4,59 St,M,Uptown
629S,4,59 St,M,Downtown
629N,5,59 St,M,Uptown
629S,5,59 St,M,Downtown
629N,6,59 St,M,Uptown
629S,6,59 St,M,Downtown
630N,6,51 St,M,Uptown
630S,6,51 St,M,Downtown
631N,4,Grand Central-42 St,M,Uptown
631S,4,Grand Central-42 St,M,Downtown
631N,5,Grand Central-42 St,M,Uptown
631S,5,Grand Central-42 St,M,Downtown
631N,6,Grand Central-42 St,M,Uptown
631S,6,Grand Central-42 St,M,Downtown
632N,6,33 St,M,Uptown
632S,6,33 St,M,Downtown
633N,6,28 St,M,Uptown
633S,6,28 St,M,Downtown
634N,6,23 St,M,Uptown
634S,6,23 St,M,Downtown
635N,4,14 St-Union Sq,M,Uptown
635S,4,14 St-Union Sq,M,Downtown
635N,5,14 St-Union Sq,M,Uptown
635S,5,14 St-Union Sq,M,Downtown
635N,6,14 St-Union Sq,M,Uptown
635S,6,14 St-Union Sq,M,Downtown
636N,6,Astor Pl,M,Uptown
636S,6,Astor Pl,M,Downtown
637N,6,Bleecker St,M,Uptown
637S,6,Bleecker St,M,Downtown
638N,6,Spring St,M,Uptown
638S,6,Spring St,M,Downtown
639N,6,Canal St,M,Uptown
639S,6,Canal St,M,Downtown
640N,4,Brooklyn Bridge-City Hall,M,Uptown
640S,4,Brooklyn Bridge-City Hall,M,Downtown
640N,5,Brooklyn Bridge-City Hall,M,Uptown
640S,5,Brooklyn Bridge-City Hall,M,Downtown
640N,6,Brooklyn Bridge-City Hall,M,Uptown
640S,6,Brooklyn Bridge-City Hall,M,Downtown
418N,4,Fulton St,M,Uptown
418S,4,Fulton St,M,Downtown
418N,5,Fulton St,M,Uptown
418S,5,Fulton St,M,Downtown
419N,4,Wall St,M,Uptown
419S,4,Wall St,M,Downtown
419N,5,Wall St,M,Uptown
419S,5,Wall St,M,Downtown
420N,4,Bowling Green,M,Uptown
420S,4,Bowling Green,M,Downtown
420N,5,Bowling Green,M,Uptown
420S,5,Bowling Green,M,Downtown
423N,4,Borough Hall,Bk,Manhattan
423S,4,Borough Hall,Bk,Outbound
423N,5,Borough Hall,Bk,Manhattan
423S,5,Borough Hall,Bk,Outbound
201N,2,Wakefield-241 St,Bx,Last Stop
201S,2,Wakefield-241 St,Bx,Manhattan
204N,2,Nereid Av,Bx,Northbound
204S,2,Nereid Av,Bx,Manhattan
204N,5,Nereid Av,Bx,Northbound
204S,5,Nereid Av,Bx,Manhattan
205N,2,233 St,Bx,Northbound
205S,2,233 St,Bx,Manhattan
205N,5,233 St,Bx,Northbound
205S,5,233 St,Bx,Manhattan
206N,2,225 St,Bx,Northbound
206S,2,225 St,Bx,Manhattan
206N,5,225 St,Bx,Northbound
206S,5,225 St,Bx,Manhattan
207N,2,219 St,Bx,Northbound
207S,2,219 St,Bx,Manhattan
207N,5,219 St,Bx,Northbound
207S,5,219 St,Bx,Manhattan
208N,2,Gun Hill Rd,Bx,Northbound
208S,2,Gun Hill Rd,Bx,Manhattan
208N,5,Gun Hill Rd,Bx,Northbound
208S,5,Gun Hill Rd,Bx,Manhattan
209N,2,Burke Av,Bx,Northbound
209S,2,Burke Av,Bx,Manhattan
209N,5,Burke Av,Bx,Northbound
209S,5,Burke Av,Bx,Manhattan
210N,2,Allerton Av,Bx,Northbound
210S,2,Allerton Av,Bx,Manhattan
210N,5,Allerton Av,Bx,Northbound
210S,5,Allerton Av,Bx,Manhattan
211N,2,Pelham Pkwy,Bx,Northbound
211S,2,Pelham Pkwy,Bx,Manhattan
211N,5,Pelham Pkwy,Bx,Northbound
211S,5,Pelham Pkwy,Bx,Manhattan
212N,2,Bronx Park East,Bx,Northbound
212S,2,Bronx Park East,Bx,Manhattan
212N,5,Bronx Park East,Bx,Northbound
212S,5,Bronx Park East,Bx,Manhattan
213N,2,E 180 St,Bx,Northbound
213S,2,E 180 St,Bx,Manhattan
213N,5,E 180 St,Bx,Northbound
213S,5,E 180 St,Bx,Manhattan
214N,2,West Farms Sq-E Tremont Av,Bx,Northbound
214S,2,West Farms Sq-E Tremont Av,Bx,Manhattan
214N,5,West Farms Sq-E Tremont Av,Bx,Northbound
214S,5,West Farms Sq-E Tremont Av,Bx,Manhattan
215N,2,174 St,Bx,Northbound
215S,2,174 St,Bx,Manhattan
215N,5,174 St,Bx,Northbound
215S,5,174 St,Bx,Manhattan
216N,2,Freeman St,Bx,Northbound
216S,2,Freeman St,Bx,Manhattan
216N,5,Freeman St,Bx,Northbound
216S,5,Freeman St,Bx,Manhattan
217N,2,Simpson St,Bx,Northbound
217S,2,Simpson St,Bx,Manhattan
217N,5,Simpson St,Bx,Northbound
217S,5,Simpson St,Bx,Manhattan
218N,2,Intervale Av,Bx,Northbound
218S,2,Intervale Av,Bx,Manhattan
218N,5,Intervale Av,Bx,Northbound
218S,5,Intervale Av,Bx,Manhattan
219N,2,Prospect Av,Bx,Northbound
219S,2,Prospect Av,Bx,Manhattan
219N,5,Prospect Av,Bx,Northbound
219S,5,Prospect Av,Bx,Manhattan
220N,2,Jackson Av,Bx,Northbound
220S,2,Jackson Av,Bx,Manhattan
220N,5,Jackson Av,Bx,Northbound
220S,5,Jackson Av,Bx,Manhattan
221N,2,3 Av-149 St,Bx,Northbound
221S,2,3 Av-149 St,Bx,Manhattan
221N,5,3 Av-149 St,Bx,Northbound
221S,5,3 Av-149 St,Bx,Manhattan
222N,2,149 St-Grand Concourse,Bx,Northbound
222S,2,149 St-Grand Concourse,Bx,Manhattan
222N,5,149 St-Grand Concourse,Bx,Northbound
222S,5,149 St-Grand Concourse,Bx,Manhattan
301N,3,Harlem-148 St,M,Last Stop
301S,3,Harlem-148 St,M,Downtown
302N,3,145 St,M,Harlem
302S,3,145 St,M,Downtown
224N,2,135 St,M,Uptown
224S,2,135 St,M,Downtown
224N,3,135 St,M,Uptown
224S,3,135 St,M,Downtown
225N,2,125 St,M,Uptown
225S,2,125 St,M,Downtown
225N,3,125 St,M,Uptown
225S,3,125 St,M,Downtown
226N,2,116 St,M,Uptown
226S,2,116 St,M,Downtown
226N,3,116 St,M,Uptown
226S,3,116 St,M,Downtown
227N,2,Central Park North (110 St),M,Uptown
227S,2,Central Park North (110 St),M,Downtown
227N,3,Central Park North (110 St),M,Uptown
227S,3,Central Park North (110 St),M,Downtown
501N,5,Eastchester-Dyre Av,Bx,Last Stop
501S,5,Eastchester-Dyre Av,Bx,Manhattan
502N,5,Baychester Av,Bx,Eastchester
502S,5,Baychester Av,Bx,Manhattan
503N,5,Gun Hill Rd,Bx,Eastchester
503S,5,Gun Hill Rd,Bx,Manhattan
504N,5,Pelham Pkwy,Bx,Eastchester
504S,5,Pelham Pkwy,Bx,Manhattan
505N,5,Morris Park,Bx,Eastchester
505S,5,Morris Park,Bx,Manhattan
701N,7,Flushing-Main St,Q,Last Stop
701S,7,Flushing-Main St,Q,Manhattan
702N,7,Mets-Willets Point,Q,Outbound
702S,7,Mets-Willets Point,Q,Manhattan
705N,7,111 St,Q,Outbound
705S,7,111 St,Q,Manhattan
706N,7,103 St-Corona Plaza,Q,Outbound
706S,7,103 St-Corona Plaza,Q,Manhattan
707N,7,Junction Blvd,Q,Outbound
707S,7,Junction Blvd,Q,Manhattan
708N,7,90 St-Elmhurst Av,Q,Outbound
708S,7,90 St-Elmhurst Av,Q,Manhattan
709N,7,82 St-Jackson Hts,Q,Outbound
709S,7,82 St-Jackson Hts,Q,Manhattan
710N,7,74 St-Broadway,Q,Outbound
710S,7,74 St-Broadway,Q,Manhattan
711N,7,69 St,Q,Outbound
711S,7,69 St,Q,Manhattan
712N,7,61 St-Woodside,Q,Outbound
712S,7,61 St-Woodside,Q,Manhattan
713N,7,52 St,Q,Outbound
713S,7,52 St,Q,Manhattan
714N,7,46 St-Bliss St,Q,Outbound
714S,7,46 St-Bliss St,Q,Manhattan
715N,7,40 St-Lowery St,Q,Outbound
715S,7,40 St-Lowery St,Q,Manhattan
716N,7,33 St-Rawson St,Q,Outbound
716S,7,33 St-Rawson St,Q,Manhattan
718N,7,Queensboro Plaza,Q,Outbound
718S,7,Queensboro Plaza,Q,Manhattan
R09N,N,Queensboro Plaza,Q,Astoria
R09S,N,Queensboro Plaza,Q,Manhattan
R09N,W,Queensboro Plaza,Q,Astoria
R09S,W,Queensboro Plaza,Q,Manhattan
719N,7,Court Sq,Q,Outbound
719S,7,Court Sq,Q,Manhattan
720N,7,Hunters Point Av,Q,Outbound
720S,7,Hunters Point Av,Q,Manhattan
721N,7,Vernon Blvd-Jackson Av,Q,Outbound
721S,7,Vernon Blvd-Jackson Av,Q,Manhattan
723N,7,Grand Central-42 St,M,Queens
723S,7,Grand Central-42 St,M,Hudson Yards
724N,7,5 Av,M,Queens
724S,7,5 Av,M,Hudson Yards
725N,7,Times Sq-42 St,M,Queens
725S,7,Times Sq-42 St,M,Hudson Yards
902N,S,Times Sq-42 St,M,Last Stop
902S,S,Times Sq-42 St,M,Grand Central
901N,S,Grand Central-42 St,M,Times Square
901S,S,Grand Central-42 St,M,Last Stop
726N,7,34 St-Hudson Yards,M,Last Stop
726S,7,34 St-Hudson Yards,M,Queens
Q05N,Q,96 St,M,Last Stop
Q05S,Q,96 St,M,Downtown
Q04N,Q,86 St,M,Uptown
Q04S,Q,86 St,M,Downtown
Q03N,Q,72 St,M,Uptown
Q03S,Q,72 St,M,Downtown
S31N,SIR,St George,SI,Last Stop
S31S,SIR,St George,SI,South Shore
S30N,SIR,Tompkinsville,SI,Ferry
S30S,SIR,Tompkinsville,SI,South Shore
S29N,SIR,Stapleton,SI,Ferry
S29S,SIR,Stapleton,SI,South Shore
S28N,SIR,Clifton,SI,Ferry
S28S,SIR,Clifton,SI,South Shore
S27N,SIR,Grasmere,SI,Ferry
S27S,SIR,Grasmere,SI,South Shore
S26N,SIR,Old Town,SI,Ferry
S26S,SIR,Old Town,SI,South Shore
S25N,SIR,Dongan Hills,SI,Ferry
S25S,SIR,Dongan Hills,SI,South Shore
S24N,SIR,Jefferson Av,SI,Ferry
S24S,SIR,Jefferson Av,SI,South Shore
S23N,SIR,Grant City,SI,Ferry
S23S,SIR,Grant City,SI,South Shore
S22N,SIR,New Dorp,SI,Ferry
S22S,SIR,New Dorp,SI,South Shore
S21N,SIR,Oakwood Heights,SI,Ferry
S21S,SIR,Oakwood Heights,SI,South Shore
S20N,SIR,Bay Terrace,SI,Ferry
S20S,SIR,Bay Terrace,SI,South Shore
S19N,SIR,Great Kills,SI,Ferry
S19S,SIR,Great Kills,SI,South Shore
S18N,SIR,Eltingville,SI,Ferry
S18S,SIR,Eltingville,SI,South Shore
S17N,SIR,Annadale,SI,Ferry
S17S,SIR,Annadale,SI,South Shore
S16N,SIR,Huguenot,SI,Ferry
S16S,SIR,Huguenot,SI,South Shore
S15N,SIR,Prince's Bay,SI,Ferry
S15S,SIR,Prince's Bay,SI,South Shore
S14N,SIR,Pleasant Plains,SI,Ferry
S14S,SIR,Pleasant Plains,SI,South Shore
S13N,SIR,Richmond Valley,SI,Ferry
S13S,SIR,Richmond Valley,SI,Tottenville
S09N,SIR,Tottenville,SI,Ferry
S09S,SIR,Tottenville,SI,Last Stop
S11N,SIR,Arthur Kill,SI,Ferry
S11S,SIR,Arthur Kill,SI,Tottenville